2024-04-12 17:29:06,Server,fad-99 has left the server.
2024-04-12 17:29:12,Server,bbb-00 has left the server.
2024-04-12 17:30:18,Server,mmm-00 has left the server.
2024-04-12 17:30:21,Server,bbb-00 has left the server.
2024-04-12 17:34:30,Server,sss-00 has left the server.
2024-04-12 17:34:41,Server,zzz-99 has left the server.
2024-04-12 17:41:15,Server,yyu-00 has left the server.
2024-04-12 17:41:15,Server,fff-00 has left the server.
2024-04-12 17:41:46,Server,ttt-00 has left the server.
2024-04-12 17:44:01,Server,bbb-00 has left the server.
2024-04-12 17:44:41,Server,nnn-00 has left the server.
2024-04-12 17:46:28,Server,nnn-00 has left the server.
2024-04-12 17:50:54,Server,mma-00 has left the server.
2024-04-12 17:56:35,Server,nnn-00 has left the server.
2024-04-12 17:58:08,Server,nnn-00 has left the server.
2024-04-12 18:03:58,Server,nnn-99 has left the server.
2024-04-13 11:05:40,Server,aaa-11 has left the server.
2024-04-13 11:05:42,Server,bbb-11 has left the server.
2024-04-13 11:09:12,Server,mma-99 has left the server.
2024-04-13 11:11:41,Server,mma-00 has left the server.
2024-04-13 11:12:42,Server,mma-00 has left the server.
2024-04-13 11:20:39,Server,nnn-00 has left the server.
2024-04-13 11:21:46,Server,mma-00 has left the server.
2024-04-13 11:28:25,Server,bbb-00 has left the server.
2024-04-13 11:28:27,Server,aaa-00 has left the server.
2024-04-13 11:34:39,Server,bbb-11 has left the server.
2024-04-13 11:34:39,Server,aaa-00 has left the server.
2024-04-13 11:35:45,Server,aaa-00 has left the server.
2024-04-13 11:37:50,Server,mma-00 has left the server.
2024-04-13 11:41:36,Server,www-99 has left the server.
2024-04-13 11:47:48,Server,aaa-00 has left the server.
2024-04-13 11:49:00,Server,aaa-00 has left the server.
2024-04-13 11:53:06,Server,aaa-00 has left the server.
2024-04-13 11:53:09,Server,aaa-22 has left the server.
